,BLEU,ROUGE-1,ROUGE-2,ROUGE-L,METEOR,BERTScore,Human_Score
m2m100,0.43016630955374047,0.7219523201256947,0.5206118231613588,0.7171904153637899,0.6742353206265511,0.8850331139564515,4.703703703703703
nllb,0.4479177290529903,0.7364174272579844,0.5550692998092379,0.7307031415436986,0.7025924084189162,0.8865858769416809,5.0
helsinki,1.0,1.0,1.0,1.0,0.998598235419866,1.0000000083446503,5.0
